{"cameraMode":{"drawMode":0,"name":"Shaded","section":"Shading Mode"},"sceneLighting":true,"audioPlay":false,"sceneViewState":{"showFog":true,"showMaterialUpdate":false,"showSkybox":true,"showFlares":true,"showImageEffects":true,"showParticleSystems":true},"in2DMode":false,"pivot":{"x":-3.9462947845458986,"y":1.1101832389831544,"z":-15.539163589477539},"rotation":{"x":-0.15212339162826539,"y":0.6844001412391663,"z":-0.14931952953338624,"w":-0.6972514390945435},"size":10.513054847717286,"orthographic":false}